Actual_Energy_Wh,Predicted_Energy_Wh
590,251.26666666666668
320,400.2
310,276.06666666666666
260,283.46666666666664
190,242.73333333333332
150,119.53333333333333
130,138.93333333333334
290,144.13333333333333
490,251.26666666666668
840,379.6666666666667
700,537.7333333333333
430,525.6
300,328.53333333333336
310,295.0
290,300.3333333333333
300,263.0
240,296.8666666666667
160,208.73333333333332
90,140.73333333333332
70,146.33333333333334
80,90.06666666666666
80,111.4
80,120.53333333333333
570,113.8
610,522.3333333333334
330,413.06666666666666
350,310.53333333333336
260,322.8
270,266.06666666666666
210,237.06666666666666
100,149.53333333333333
100,149.33333333333334
90,141.8
100,148.8
110,141.8
100,189.33333333333334
80,116.8
90,98.0
90,113.73333333333333
80,114.93333333333334
90,94.6
90,114.8
250,112.06666666666666
390,320.93333333333334
190,341.0
100,249.86666666666667
280,130.6
560,243.8
600,426.6666666666667
290,432.8666666666667
90,238.53333333333333
370,127.4
670,256.2
230,512.8666666666667
160,205.8
90,138.73333333333332
70,116.13333333333334
70,102.86666666666666
70,88.46666666666667
70,90.46666666666667
70,88.93333333333334
70,85.06666666666666
70,82.46666666666667
70,82.66666666666667
80,79.73333333333333
60,79.2
50,67.33333333333333
60,61.6
40,63.6
70,49.13333333333333
70,77.93333333333334
60,79.73333333333333
80,59.733333333333334
70,83.93333333333334
80,85.26666666666667
70,79.46666666666667
70,77.73333333333333
70,78.06666666666666
70,76.33333333333333
70,76.2
70,75.66666666666667
60,69.6
70,53.06666666666667
80,69.4
110,69.86666666666666
70,114.6
50,72.73333333333333
50,54.0
40,55.0
20,49.0
40,37.266666666666666
30,49.06666666666667
70,44.13333333333333
50,56.06666666666667
60,52.53333333333333
50,51.733333333333334
50,52.6
60,50.6
40,49.53333333333333
60,49.0
50,51.06666666666667
60,50.666666666666664
50,53.266666666666666
60,49.733333333333334
50,53.6
40,51.333333333333336
50,50.13333333333333
40,51.86666666666667
50,46.8
50,50.46666666666667
60,50.53333333333333
50,51.733333333333334
60,51.4
40,52.6
20,48.93333333333333
40,37.266666666666666
40,47.53333333333333
50,48.46666666666667
50,52.333333333333336
60,52.53333333333333
50,58.46666666666667
60,51.46666666666667
50,60.0
50,55.06666666666667
50,54.266666666666666
50,53.666666666666664
50,54.0
60,55.2
50,66.53333333333333
60,56.4
60,72.6
50,71.86666666666666
50,57.4
50,58.8
50,58.0
50,59.06666666666667
60,60.06666666666667
60,72.06666666666666
80,80.4
50,69.66666666666667
50,70.6
60,62.86666666666667
60,88.33333333333333
60,79.6
60,86.26666666666667
70,76.93333333333334
200,96.8
160,224.86666666666667
50,227.06666666666666
160,56.733333333333334
60,233.4
60,83.0
50,83.86666666666666
40,58.93333333333333
60,51.86666666666667
60,72.93333333333334
60,80.53333333333333
70,81.2
90,90.6
80,102.26666666666667
80,91.13333333333334
90,91.93333333333334
100,102.0
100,120.2
100,120.66666666666667
90,130.4
100,118.8
90,133.8
100,124.26666666666667
90,124.86666666666666
110,119.0
90,162.46666666666667
100,117.4
90,117.93333333333334
70,112.93333333333334
60,80.06666666666666
60,67.53333333333333
80,64.73333333333333
80,89.4
120,89.46666666666667
120,244.73333333333332
110,222.73333333333332
140,139.13333333333333
110,221.2
110,131.6
110,128.0
120,125.73333333333333
100,158.53333333333333
80,119.4
100,91.06666666666666
270,116.93333333333334
250,359.53333333333336
110,346.4
130,118.06666666666666
430,153.93333333333334
300,351.06666666666666
270,286.53333333333336
240,228.2
220,219.2
360,177.33333333333334
430,324.1333333333333
450,345.73333333333335
440,337.53333333333336
410,331.46666666666664
100,334.8666666666667
120,130.66666666666666
110,148.46666666666667
120,132.66666666666666
120,138.8
100,136.06666666666666
170,122.46666666666667
100,322.6666666666667
90,126.86666666666666
90,114.6
90,106.53333333333333
120,107.26666666666667
120,137.86666666666667
110,149.53333333333333
110,120.4
100,105.66666666666667
100,96.13333333333334
70,97.46666666666667
80,79.73333333333333
80,77.73333333333333
80,78.26666666666667
80,69.06666666666666
90,68.53333333333333
80,75.8
70,68.73333333333333
60,73.4
40,53.13333333333333
40,45.4
30,45.13333333333333
50,38.46666666666667
60,59.86666666666667
60,52.8
50,52.86666666666667
50,53.2
50,51.13333333333333
60,49.733333333333334
50,54.86666666666667
60,48.53333333333333
60,53.8
60,54.0
50,53.266666666666666
50,48.93333333333333
50,48.46666666666667
50,47.6
50,47.666666666666664
20,48.46666666666667
40,33.4
30,48.13333333333333
50,42.2
60,54.6
40,54.13333333333333
50,51.266666666666666
50,54.333333333333336
50,53.93333333333333
60,53.733333333333334
60,53.46666666666667
50,53.4
50,49.2
50,48.53333333333333
50,50.4
50,49.46666666666667
60,51.86666666666667
50,53.93333333333333
70,50.733333333333334
70,63.06666666666667
40,63.0
40,48.4
230,46.8
170,338.8
60,252.6
70,79.6
90,96.13333333333334
80,111.4
80,91.13333333333334
80,85.86666666666666
80,76.0
80,81.13333333333334
70,81.53333333333333
80,82.2
340,78.6
370,216.0
80,205.26666666666668
50,102.4
50,60.6
40,65.4
50,83.53333333333333
50,77.4
50,54.06666666666667
60,53.86666666666667
50,83.06666666666666
70,54.13333333333333
50,82.2
50,58.8
60,57.666666666666664
50,74.8
50,58.13333333333333
50,59.666666666666664
50,59.0
60,60.733333333333334
50,83.26666666666667
60,60.6
50,81.4
50,59.4
50,59.93333333333333
50,61.2
60,61.266666666666666
70,79.73333333333333
80,73.46666666666667
100,83.8
90,181.66666666666666
90,118.46666666666667
70,121.73333333333333
80,84.6
70,85.73333333333333
90,90.2
80,153.4
100,119.4
90,176.93333333333334
80,126.6
80,95.46666666666667
80,94.06666666666666
70,94.0
80,86.0
90,88.93333333333334
90,114.2
80,106.86666666666666
80,92.26666666666667
70,91.73333333333333
80,71.4
60,91.26666666666667
40,65.53333333333333
50,60.8
70,61.4
90,70.86666666666666
320,102.8
330,325.06666666666666
270,312.93333333333334
260,248.8
240,264.46666666666664
210,232.6
280,144.86666666666667
170,278.06666666666666
120,164.33333333333334
100,236.13333333333333
120,181.93333333333334
120,210.8
130,201.26666666666668
130,223.26666666666668
120,219.53333333333333
120,182.4
140,187.8
150,185.4
150,185.06666666666666
150,173.6
140,170.93333333333334
130,164.13333333333333
100,160.6
80,117.6
60,89.26666666666667
30,75.0
40,45.93333333333333
40,72.26666666666667
80,69.73333333333333
70,112.2
60,75.0
70,62.2
60,68.46666666666667
70,61.4
50,66.53333333333333
80,68.2
60,73.0
60,59.333333333333336
70,59.86666666666667
50,64.8
50,61.6
50,61.53333333333333
50,56.06666666666667
40,56.53333333333333
60,51.2
60,56.733333333333334
60,56.333333333333336
60,56.733333333333334
50,55.86666666666667
40,58.53333333333333
20,59.266666666666666
30,39.8
30,40.93333333333333
50,48.4
60,59.93333333333333
60,66.46666666666667
60,64.06666666666666
60,58.8
50,55.13333333333333
50,57.46666666666667
40,57.0
50,54.4
50,56.6
50,55.6
60,59.53333333333333
50,56.0
60,55.6
40,56.0
50,55.0
50,55.93333333333333
50,53.8
50,55.86666666666667
60,53.666666666666664
70,56.333333333333336
70,58.4
30,59.0
40,38.93333333333333
50,54.93333333333333
50,55.266666666666666
60,56.53333333333333
110,56.2
70,172.86666666666667
50,82.73333333333333
60,59.266666666666666
60,65.73333333333333
60,58.86666666666667
50,66.2
50,54.333333333333336
50,57.733333333333334
50,56.266666666666666
40,65.2
70,50.4
50,70.13333333333334
60,54.2
50,57.666666666666664
50,56.333333333333336
50,56.733333333333334
30,54.46666666666667
30,39.666666666666664
20,44.0
40,46.0
60,51.46666666666667
60,64.0
50,65.93333333333334
60,55.86666666666667
50,74.86666666666666
40,54.333333333333336
60,51.6
50,70.53333333333333
50,71.13333333333334
60,53.666666666666664
60,65.06666666666666
50,65.0
50,53.13333333333333
50,57.06666666666667
50,56.733333333333334
60,54.53333333333333
40,66.2
60,55.666666666666664
60,63.333333333333336
50,65.73333333333333
60,57.6
40,66.8
30,57.266666666666666
30,38.93333333333333
20,38.8
60,41.6
50,78.26666666666667
70,59.4
60,69.93333333333334
60,83.13333333333334
50,90.93333333333334
50,64.86666666666666
40,65.06666666666666
50,67.53333333333333
50,63.6
50,62.733333333333334
60,60.333333333333336
50,66.73333333333333
60,64.26666666666667
60,66.86666666666666
60,68.0
60,70.06666666666666
80,70.6
70,114.33333333333333
90,73.8
150,121.4
460,326.2
340,394.4
310,304.46666666666664
120,315.8666666666667
140,218.53333333333333
150,198.46666666666667
120,199.06666666666666
130,188.4
130,196.86666666666667
130,202.93333333333334
130,198.6
170,183.06666666666666
210,313.6666666666667
110,308.93333333333334
100,118.0
110,121.33333333333333
90,126.0
120,139.33333333333334
130,159.0
130,189.2
120,162.2
120,133.93333333333334
60,117.0
60,64.33333333333333
50,62.333333333333336
60,58.86666666666667
60,58.53333333333333
50,60.733333333333334
60,52.46666666666667
60,50.733333333333334
60,51.0
50,52.0
40,52.13333333333333
60,48.93333333333333
50,50.13333333333333
50,50.733333333333334
40,52.4
30,46.4
40,42.0
40,46.4
40,50.733333333333334
50,52.13333333333333
60,56.13333333333333
50,56.6
50,56.4
60,56.0
60,55.666666666666664
50,56.0
60,53.0
50,56.6
50,53.6
50,52.46666666666667
50,52.46666666666667
40,54.53333333333333
60,49.46666666666667
60,56.666666666666664
60,57.0
60,57.333333333333336
50,56.733333333333334
50,52.666666666666664
50,50.93333333333333
20,51.46666666666667
30,36.13333333333333
30,38.333333333333336
30,48.53333333333333
60,54.333333333333336
50,56.06666666666667
60,56.333333333333336
40,58.4
60,50.4
70,71.73333333333333
70,67.4
70,64.86666666666666
70,76.2
70,75.93333333333334
50,71.0
70,50.53333333333333
280,78.0
150,259.26666666666665
60,144.4
70,79.2
60,92.2
70,69.0
50,88.6
60,53.4
50,58.6
50,51.06666666666667
80,54.666666666666664
60,87.93333333333334
370,60.4
400,272.46666666666664
70,254.0
70,171.66666666666666
80,178.26666666666668
90,115.66666666666667
70,115.73333333333333
80,152.13333333333333
60,86.2
50,74.33333333333333
80,59.0
80,92.86666666666666
80,94.4
80,92.2
120,90.2
90,212.53333333333333
50,139.8
70,64.46666666666667
60,112.6
90,73.8
80,194.73333333333332
80,116.6
80,111.33333333333333
60,111.0
70,72.93333333333334
60,86.73333333333333
60,72.13333333333334
70,70.2
70,86.46666666666667
80,76.06666666666666
70,87.93333333333334
70,73.66666666666667
70,74.0
60,81.8
70,72.2
60,71.86666666666666
70,77.73333333333333
70,72.13333333333334
70,72.0
80,72.6
70,114.26666666666667
80,74.26666666666667
70,114.73333333333333
70,85.66666666666667
50,85.66666666666667
60,62.733333333333334
80,71.0
90,136.53333333333333
90,157.4
80,152.93333333333334
80,146.6
70,144.86666666666667
80,105.33333333333333
90,148.06666666666666
90,157.53333333333333
130,154.26666666666668
120,402.0
130,357.53333333333336
120,402.1333333333333
130,363.6666666666667
120,396.53333333333336
200,364.8
120,275.4
110,363.0
120,214.33333333333334
130,360.6666666666667
130,386.26666666666665
110,386.6
120,206.8
90,358.6666666666667
90,168.53333333333333
80,164.6
80,162.33333333333334
100,154.66666666666666
110,148.33333333333334
110,174.93333333333334
120,180.26666666666668
80,278.93333333333334
80,106.86666666666666
80,106.93333333333334
70,104.8
80,117.53333333333333
60,90.8
50,63.4
70,55.6
50,81.6
60,66.0
50,61.13333333333333
50,55.13333333333333
60,56.13333333333333
50,56.93333333333333
50,56.6
60,53.0
50,54.86666666666667
60,55.2
40,58.46666666666667
40,51.86666666666667
20,52.666666666666664
40,38.86666666666667
50,52.6
50,54.86666666666667
50,56.733333333333334
60,56.8
60,55.333333333333336
60,55.46666666666667
60,55.93333333333333
50,56.333333333333336
50,56.4
50,54.13333333333333
40,53.266666666666666
50,52.266666666666666
60,55.46666666666667
60,55.53333333333333
60,55.666666666666664
60,56.0
60,55.53333333333333
50,57.46666666666667
50,57.13333333333333
50,55.2
40,56.0
50,52.86666666666667
60,56.266666666666666
50,56.53333333333333
60,56.666666666666664
50,55.53333333333333
30,57.666666666666664
20,36.86666666666667
30,37.733333333333334
30,46.666666666666664
50,53.6
70,57.2
60,70.26666666666667
60,58.666666666666664
50,57.2
60,57.6
50,59.266666666666666
70,55.333333333333336
170,75.0
400,278.53333333333336
150,283.4
70,132.66666666666666
110,189.0
100,112.06666666666666
120,117.2
80,161.4
90,106.13333333333334
120,122.2
390,224.06666666666666
240,338.46666666666664
120,369.0
70,222.93333333333334
90,180.86666666666667
80,127.2
70,117.06666666666666
80,199.4
110,120.86666666666666
90,204.06666666666666
100,167.6
100,204.6
100,188.26666666666668
80,309.06666666666666
80,127.93333333333334
90,134.66666666666666
90,212.66666666666666
90,197.4
90,201.53333333333333
90,188.8
90,184.8
160,195.73333333333332
140,392.53333333333336
80,298.8
70,141.0
80,111.53333333333333
30,131.53333333333333
30,53.333333333333336
40,52.93333333333333
20,99.93333333333334
70,38.46666666666667
60,77.93333333333334
60,97.26666666666667
60,98.33333333333333
60,95.2
50,113.66666666666667
50,69.26666666666667
50,75.4
50,76.06666666666666
70,77.06666666666666
60,81.26666666666667
60,95.13333333333334
60,94.26666666666667
50,90.8
50,73.93333333333334
50,70.53333333333333
60,76.06666666666666
40,93.93333333333334
60,84.4
50,82.73333333333333
60,76.26666666666667
50,82.93333333333334
60,77.4
210,80.8
320,407.26666666666665
520,309.8
490,430.6
150,348.1333333333333
90,328.6
90,245.6
80,253.26666666666668
70,268.4
80,105.53333333333333
120,170.8
110,310.06666666666666
90,212.2
100,156.73333333333332
90,169.33333333333334
100,140.06666666666666
100,147.26666666666668
90,147.53333333333333
90,137.93333333333334
110,133.53333333333333
100,169.2
90,115.66666666666667
100,92.93333333333334
70,113.2
50,90.0
50,59.6
70,56.266666666666666
60,77.33333333333333
50,69.33333333333333
70,68.13333333333334
50,74.13333333333334
60,60.6
50,65.53333333333333
50,55.2
60,56.733333333333334
50,62.06666666666667
50,57.2
60,54.93333333333333
60,59.266666666666666
50,63.333333333333336
50,55.4
20,58.2
40,37.13333333333333
40,53.6
50,53.86666666666667
60,56.4
50,63.93333333333333
60,56.13333333333333
60,62.6
60,63.0
60,62.4
50,62.06666666666667
40,57.666666666666664
50,52.666666666666664
60,56.8
40,60.666666666666664
60,52.93333333333333
60,60.93333333333333
60,60.733333333333334
50,60.93333333333333
60,56.4
70,61.53333333333333
50,75.0
50,59.53333333333333
50,56.0
50,57.2
40,56.06666666666667
60,54.6
50,60.4
60,58.4
50,63.733333333333334
50,57.333333333333336
50,57.6
40,55.53333333333333
60,53.53333333333333
50,61.06666666666667
50,60.13333333333333
80,58.666666666666664
110,105.8
80,113.73333333333333
70,98.86666666666666
60,101.0
60,78.26666666666667
70,77.8
670,116.66666666666667
470,545.9333333333333
150,398.6
70,239.26666666666668
110,178.33333333333334
110,172.6
100,197.53333333333333
100,174.26666666666668
80,176.6
90,116.53333333333333
110,163.93333333333334
450,207.46666666666667
610,364.0
290,529.6
90,299.6666666666667
120,232.2
110,327.8666666666667
70,359.1333333333333
100,126.53333333333333
70,288.1333333333333
70,118.73333333333333
60,110.66666666666667
60,94.4
80,82.4
70,109.13333333333334
80,87.0
310,108.6
340,337.6666666666667
110,324.8666666666667
80,221.8
100,168.46666666666667
120,222.86666666666667
80,355.1333333333333
90,293.8
90,205.73333333333332
90,207.66666666666666
70,207.4
70,101.53333333333333
70,94.93333333333334
70,90.66666666666667
70,86.06666666666666
140,88.73333333333333
340,393.4
190,353.6
150,232.4
80,371.53333333333336
80,226.86666666666667
70,223.93333333333334
80,106.26666666666667
70,223.93333333333334
70,105.33333333333333
70,94.86666666666666
70,91.73333333333333
70,90.13333333333334
60,89.26666666666667
70,83.33333333333333
80,90.73333333333333
90,165.73333333333332
90,188.06666666666666
100,186.06666666666666
90,178.26666666666668
100,189.26666666666668
90,184.06666666666666
230,200.2
230,344.26666666666665
200,313.8666666666667
190,230.46666666666667
100,224.86666666666667
110,217.4
110,354.8666666666667
110,342.8666666666667
110,307.06666666666666
140,290.06666666666666
150,377.3333333333333
140,379.26666666666665
130,375.6666666666667
130,371.93333333333334
140,371.8666666666667
120,375.53333333333336
100,351.3333333333333
80,205.8
90,150.06666666666666
80,144.8
80,150.26666666666668
80,152.46666666666667
50,151.4
50,74.13333333333334
60,74.66666666666667
50,70.13333333333334
50,75.06666666666666
50,67.2
50,64.93333333333334
60,64.66666666666667
60,64.46666666666667
60,63.86666666666667
60,64.46666666666667
60,65.0
50,65.0
60,68.53333333333333
50,62.733333333333334
50,62.13333333333333
50,62.733333333333334
50,62.266666666666666
60,65.0
50,62.06666666666667
60,64.6
60,62.06666666666667
60,61.93333333333333
60,61.8
60,62.6
40,62.13333333333333
60,57.86666666666667
40,61.733333333333334
60,58.46666666666667
40,63.8
60,57.13333333333333
60,63.93333333333333
50,63.666666666666664
70,65.13333333333334
50,79.73333333333333
60,62.93333333333333
50,63.4
50,60.53333333333333
50,63.53333333333333
60,65.4
40,64.06666666666666
60,56.06666666666667
60,63.93333333333333
60,64.06666666666666
60,64.33333333333333
50,65.26666666666667
50,64.0
50,60.666666666666664
50,59.733333333333334
50,60.53333333333333
40,61.333333333333336
50,53.8
50,60.4
60,61.0
60,64.8
60,65.06666666666666
50,65.4
60,64.93333333333334
60,63.53333333333333
260,64.8
360,378.3333333333333
100,322.26666666666665
90,186.73333333333332
90,218.46666666666667
100,235.6
120,331.8
200,375.0
130,332.6666666666667
80,404.6
210,185.0
240,237.0
210,287.4
80,299.26666666666665
100,218.8
90,237.53333333333333
110,324.3333333333333
120,342.26666666666665
360,373.93333333333334
270,329.2
120,299.2
140,364.0
120,401.0
100,369.6
260,346.2
250,320.26666666666665
100,311.4
90,252.6
80,236.93333333333334
100,222.86666666666667
80,334.46666666666664
90,298.1333333333333
80,211.6
80,190.2
80,190.6
70,191.73333333333332
80,105.13333333333334
70,185.86666666666667
70,94.86666666666666
70,95.6
80,94.93333333333334
100,184.06666666666666
90,241.06666666666666
90,230.93333333333334
100,232.53333333333333
110,245.2
110,267.93333333333334
100,267.4
110,238.06666666666666
100,266.1333333333333
90,235.53333333333333
100,233.0
90,234.93333333333334
100,230.0
90,239.4
90,231.13333333333333
80,234.13333333333333
90,207.6
80,233.33333333333334
90,208.86666666666667
90,237.8
80,234.0
70,210.2
80,157.86666666666667
560,207.06666666666666
630,507.73333333333335
230,517.7333333333333
100,311.6
110,290.06666666666666
120,301.46666666666664
130,404.73333333333335
120,385.0
140,389.0
100,395.6
110,227.4
100,256.06666666666666
100,211.6
100,205.2
100,210.8
70,204.2
50,161.13333333333333
50,80.06666666666666
60,79.8
60,75.2
50,70.8
60,70.26666666666667
60,70.46666666666667
70,68.13333333333334
60,95.86666666666666
70,68.4
50,107.0
50,74.73333333333333
50,75.73333333333333
60,75.53333333333333
50,66.66666666666667
50,70.13333333333334
60,67.6
60,65.26666666666667
60,65.0
60,59.13333333333333
60,58.53333333333333
60,58.666666666666664
50,59.13333333333333
60,71.73333333333333
60,59.666666666666664
60,59.733333333333334
50,59.333333333333336
40,72.86666666666666
60,63.266666666666666
50,60.333333333333336
50,67.73333333333333
50,67.66666666666667
60,62.46666666666667
50,60.4
60,67.73333333333333
60,61.8
50,58.733333333333334
60,71.06666666666666
50,58.53333333333333
60,71.06666666666666
60,59.13333333333333
50,59.2
60,71.0
50,59.86666666666667
40,84.53333333333333
50,78.66666666666667
50,80.06666666666666
50,70.26666666666667
60,69.46666666666667
60,64.66666666666667
60,62.93333333333333
50,62.733333333333334
60,83.06666666666666
50,64.2
60,82.8
50,63.93333333333333
60,82.26666666666667
50,62.53333333333333
50,83.2
50,82.53333333333333
40,80.6
60,70.6
40,71.2
50,65.26666666666667
60,68.86666666666666
90,71.53333333333333
60,272.0
70,100.26666666666667
60,152.6
400,199.06666666666666
130,323.6666666666667
370,383.26666666666665
70,337.8
330,204.86666666666667
230,330.1333333333333
60,296.73333333333335
80,236.93333333333334
80,347.1333333333333
80,229.6
410,320.2
180,348.8666666666667
50,318.8
60,160.53333333333333
50,224.4
60,160.53333333333333
50,233.06666666666666
50,155.73333333333332
50,91.46666666666667
50,89.2
60,93.86666666666666
40,152.33333333333334
60,68.66666666666667
50,150.2
60,95.06666666666666
60,151.73333333333332
60,153.2
50,154.2
60,98.33333333333333
60,154.93333333333334
50,165.13333333333333
60,96.33333333333333
60,167.93333333333334
50,168.0
60,93.93333333333334
60,168.26666666666668
50,169.2
60,93.06666666666666
50,169.13333333333333
60,93.0
40,169.06666666666666
50,81.66666666666667
50,90.33333333333333
50,87.86666666666666
50,74.0
60,71.4
60,163.53333333333333
50,166.93333333333334
60,90.33333333333333
50,170.26666666666668
60,92.2
50,172.0
70,90.33333333333333
50,131.8
60,92.0
60,174.73333333333332
60,183.93333333333334
40,183.66666666666666
60,91.73333333333333
40,171.0
50,85.53333333333333
40,91.2
50,61.06666666666667
60,69.4
50,171.06666666666666
60,69.8
50,175.4
50,93.13333333333334
60,92.8
90,156.53333333333333
70,244.13333333333333
90,144.66666666666666
80,239.33333333333334
80,198.8
70,195.93333333333334
80,140.33333333333334
70,164.33333333333334
80,131.26666666666668
60,160.26666666666668
50,174.26666666666668
60,146.6
60,173.33333333333334
60,190.6
60,189.4
60,174.06666666666666
60,174.26666666666668
50,193.06666666666666
60,110.66666666666667
50,173.2
60,92.73333333333333
50,161.73333333333332
60,91.2
60,161.13333333333333
40,161.8
60,80.6
50,114.4
50,89.73333333333333
50,88.0
60,88.13333333333334
60,113.86666666666666
50,114.2
70,89.2
50,94.8
60,94.06666666666666
60,127.2
60,127.26666666666667
50,127.46666666666667
60,122.86666666666666
60,116.73333333333333
60,127.73333333333333
50,127.73333333333333
50,92.73333333333333
50,90.6
60,89.4
40,116.0
50,79.46666666666667
60,72.4
60,115.8
50,115.93333333333334
60,87.2
60,116.66666666666667
50,117.46666666666667
60,92.4
60,116.4
90,125.73333333333333
70,293.46666666666664
50,158.2
60,142.93333333333334
70,163.46666666666667
50,135.2
60,120.2
40,70.8
70,82.0
50,102.66666666666667
60,90.2
50,71.73333333333333
60,91.4
50,81.06666666666666
60,93.0
60,133.4
60,135.4
50,146.06666666666666
50,90.13333333333334
70,90.13333333333334
50,146.33333333333334
70,88.93333333333334
60,145.06666666666666
70,179.6
70,151.33333333333334
70,157.66666666666666
70,157.33333333333334
70,157.8
60,154.8
60,204.4
60,198.26666666666668
60,198.13333333333333
50,216.13333333333333
60,148.93333333333334
50,182.66666666666666
50,87.66666666666667
50,86.13333333333334
50,84.06666666666666
60,87.13333333333334
60,167.6
80,166.93333333333334
70,220.8
70,138.86666666666667
60,145.4
230,213.66666666666666
190,398.6
180,343.53333333333336
80,294.6
80,244.6
60,246.66666666666666
360,231.66666666666666
370,351.26666666666665
110,337.6
60,284.3333333333333
70,222.46666666666667
240,159.33333333333334
60,280.2
50,229.8
60,148.26666666666668
50,218.8
60,147.13333333333333
80,236.73333333333332
60,257.93333333333334
80,201.4
70,214.33333333333334
70,139.2
70,139.6
70,143.0
70,142.46666666666667
70,145.86666666666667
100,144.33333333333334
90,227.6
90,237.2
90,234.53333333333333
170,235.26666666666668
410,368.73333333333335
540,361.0
310,529.1333333333333
110,341.73333333333335
110,340.26666666666665
110,375.46666666666664
120,423.73333333333335
160,395.8666666666667
110,354.1333333333333
120,282.6666666666667
110,354.93333333333334
110,280.6666666666667
110,278.73333333333335
100,319.0
110,260.93333333333334
100,273.53333333333336
100,255.73333333333332
100,260.6
120,258.6
80,353.3333333333333
70,208.4
70,186.8
70,194.73333333333332
70,190.93333333333334
70,177.4
80,153.8
70,170.0
70,144.0
80,144.0
70,153.73333333333332
70,147.93333333333334
80,147.26666666666668
60,154.0
60,208.2
60,208.13333333333333
60,206.46666666666667
60,206.66666666666666
50,206.53333333333333
70,104.8
50,103.8
50,105.2
60,90.6
50,105.4
50,90.46666666666667
50,103.46666666666667
50,89.8
50,90.46666666666667
50,88.26666666666667
60,77.66666666666667
50,105.73333333333333
70,91.26666666666667
60,93.2
50,107.0
70,95.13333333333334
50,109.46666666666667
60,108.53333333333333
50,151.93333333333334
70,92.46666666666667
50,98.53333333333333
60,120.86666666666666
50,107.13333333333334
60,92.8
50,107.0
50,106.13333333333334
50,91.8
50,88.46666666666667
50,91.66666666666667
50,88.33333333333333
50,79.66666666666667
100,80.73333333333333
50,297.26666666666665
80,111.53333333333333
60,228.2
80,182.06666666666666
60,225.46666666666667
70,193.33333333333334
70,186.53333333333333
60,184.8
60,190.6
60,194.8
60,188.2
60,221.33333333333334
80,218.93333333333334
50,244.06666666666666
60,139.66666666666666
50,212.53333333333333
60,135.66666666666666
50,205.86666666666667
60,129.6
50,171.4
60,96.6
60,172.13333333333333
60,173.13333333333333
60,174.53333333333333
60,183.93333333333334
60,186.13333333333333
50,203.33333333333334
50,111.93333333333334
50,99.66666666666667
50,97.6
50,94.93333333333334
50,97.66666666666667
60,89.93333333333334
50,175.4
60,113.93333333333334
60,175.93333333333334
60,176.0
50,174.4
60,100.6
60,172.13333333333333
50,180.86666666666667
60,99.8
60,169.26666666666668
50,168.86666666666667
60,100.8
60,165.8
60,165.33333333333334
50,175.93333333333334
60,100.53333333333333
50,165.13333333333333
60,97.93333333333334
50,164.6
50,95.46666666666667
50,98.2
50,92.8
50,92.46666666666667
50,91.73333333333333
60,81.33333333333333
60,169.13333333333333
50,169.13333333333333
60,92.46666666666667
60,166.26666666666668
60,163.93333333333334
60,174.46666666666667
50,173.73333333333332
60,94.93333333333334
50,173.46666666666667
60,94.26666666666667
70,163.26666666666668
70,130.73333333333332
70,143.53333333333333
80,158.2
70,210.86666666666667
80,170.46666666666667
80,213.13333333333333
100,214.6
350,281.4
140,359.1333333333333
80,388.0
80,272.06666666666666
100,229.93333333333334
110,239.53333333333333
100,376.46666666666664
100,278.4
100,242.93333333333334
100,239.13333333333333
140,231.53333333333333
90,398.8
100,234.73333333333332
90,216.86666666666667
100,227.2
90,221.26666666666668
90,244.6
100,243.13333333333333
100,228.66666666666666
110,196.46666666666667
70,262.06666666666666
60,176.4
60,184.2
50,199.73333333333332
60,151.8
60,219.93333333333334
60,206.73333333333332
50,184.33333333333334
60,97.06666666666666
60,172.6
60,182.93333333333334
60,183.0
50,182.66666666666666
60,99.0
50,182.73333333333332
70,97.53333333333333
50,158.13333333333333
60,94.06666666666666
40,104.46666666666667
50,82.26666666666667
50,92.46666666666667
60,105.8
50,107.26666666666667
60,90.66666666666667
50,107.53333333333333
60,89.6
50,107.06666666666666
70,91.06666666666666
50,128.33333333333334
60,92.86666666666666
50,106.86666666666666
60,92.86666666666666
60,107.26666666666667
60,126.93333333333334
50,107.26666666666667
60,93.0
50,107.86666666666666
50,93.06666666666666
50,91.0
50,89.2
60,91.26666666666667
50,107.2
50,90.06666666666666
50,90.06666666666666
50,91.66666666666667
50,90.86666666666666
60,89.2
60,124.13333333333334
50,124.2
60,91.93333333333334
100,123.73333333333333
70,425.6666666666667
70,196.2
320,201.86666666666667
80,341.1333333333333
60,280.4
70,214.2
60,228.46666666666667
70,218.4
70,248.73333333333332
70,210.33333333333334
80,207.73333333333332
70,264.1333333333333
70,195.2
100,195.13333333333333
410,366.1333333333333
270,361.1333333333333
60,361.4
70,220.73333333333332
80,233.73333333333332
80,265.06666666666666
40,338.1333333333333
50,102.73333333333333
70,98.33333333333333
70,133.66666666666666
90,141.73333333333332
70,249.0
60,146.06666666666666
50,96.93333333333334
70,109.46666666666667
90,140.73333333333332
60,243.6
50,94.46666666666667
50,94.6
60,97.46666666666667
60,98.13333333333334
50,100.26666666666667
60,85.66666666666667
50,86.0
70,84.53333333333333
50,120.33333333333333
60,85.0
50,86.0
60,85.0
50,94.66666666666667
70,92.73333333333333
70,111.0
80,112.66666666666667
60,205.86666666666667
90,178.93333333333334
70,264.6666666666667
90,132.0
70,263.2
90,152.06666666666666
70,267.0
80,170.33333333333334
80,208.93333333333334
80,213.0
80,219.73333333333332
80,225.86666666666667
70,220.8
80,175.13333333333333
70,222.66666666666666
70,166.0
70,166.6
80,164.33333333333334
70,219.46666666666667
80,183.46666666666667
80,216.86666666666667
70,247.66666666666666
90,213.13333333333333
80,315.3333333333333
100,266.93333333333334
110,342.46666666666664
100,320.73333333333335
110,331.06666666666666
90,315.46666666666664
100,327.8
100,334.53333333333336
100,334.8666666666667
110,338.6
90,316.06666666666666
120,311.6
90,347.3333333333333
100,332.1333333333333
80,263.93333333333334
90,236.2
100,273.46666666666664
90,236.2
90,258.3333333333333
80,258.73333333333335
70,209.93333333333334
80,203.73333333333332
70,175.53333333333333
60,181.8
50,206.06666666666666
70,151.0
60,190.93333333333334
60,221.66666666666666
50,216.0
60,109.6
40,186.4
60,91.93333333333334
70,174.53333333333333
50,147.13333333333333
50,99.73333333333333
60,97.4
50,178.33333333333334
60,98.26666666666667
60,182.2
60,174.6
60,109.06666666666666
50,120.4
60,98.06666666666666
60,120.0
60,120.33333333333333
50,120.33333333333333
60,94.13333333333334
50,108.73333333333333
60,94.2
60,108.2
60,108.2
50,109.8
60,94.33333333333333
50,111.73333333333333
70,94.46666666666667
50,132.2
60,94.4
50,111.33333333333333
50,96.6
50,95.0
50,106.46666666666667
50,93.4
50,89.93333333333334
50,81.26666666666667
60,79.86666666666666
50,110.46666666666667
70,91.6
50,132.06666666666666
50,93.2
60,92.86666666666666
60,124.46666666666667
50,124.93333333333334
60,109.33333333333333
90,124.13333333333334
50,369.53333333333336
60,134.8
50,198.53333333333333
40,135.46666666666667
50,93.13333333333334
40,110.33333333333333
50,72.2
60,81.86666666666666
60,155.93333333333334
60,158.73333333333332
50,157.73333333333332
60,107.93333333333334
50,158.4
70,99.13333333333334
50,180.26666666666668
60,101.4
50,165.93333333333334
50,101.6
50,102.26666666666667
50,117.86666666666666
40,100.53333333333333
50,88.53333333333333
40,86.53333333333333
50,72.86666666666666
50,85.6
60,83.6
60,150.66666666666666
60,151.33333333333334
60,155.4
50,152.46666666666667
60,104.66666666666667
60,162.8
50,160.4
50,95.8
50,93.93333333333334
50,97.4
50,93.4
50,93.4
50,84.93333333333334
60,84.33333333333333
60,161.26666666666668
50,163.66666666666666
60,96.8
50,162.2
60,96.73333333333333
60,176.66666666666666
60,176.66666666666666
50,178.6
60,93.66666666666667
50,178.2
60,94.4
60,177.53333333333333
60,177.6
50,178.26666666666668
70,93.46666666666667
40,141.53333333333333
50,80.26666666666667
60,91.66666666666667
80,177.0
60,258.4
80,207.46666666666667
80,268.53333333333336
100,261.6
100,345.6
110,353.2
200,322.53333333333336
100,330.3333333333333
100,263.73333333333335
100,258.06666666666666
110,252.8
120,295.53333333333336
110,352.1333333333333
470,295.3333333333333
340,446.8666666666667
100,313.1333333333333
110,313.3333333333333
110,328.73333333333335
90,333.6666666666667
110,400.3333333333333
110,385.06666666666666
130,289.4
120,401.6666666666667
120,350.53333333333336
120,345.8
130,345.93333333333334
120,395.1333333333333
130,347.8666666666667
120,403.06666666666666
80,347.6666666666667
70,220.6
70,207.93333333333334
130,206.8
80,388.4
70,189.06666666666666
80,204.06666666666666
80,218.8
60,268.6
60,237.93333333333334
60,223.4
60,223.66666666666666
70,223.06666666666666
50,179.93333333333334
60,134.26666666666668
60,206.73333333333332
60,206.66666666666666
60,206.66666666666666
60,212.73333333333332
50,188.53333333333333
60,110.66666666666667
50,187.93333333333334
70,94.66666666666667
50,129.86666666666667
60,94.4
40,110.13333333333334
60,83.8
50,109.8
50,108.6
50,95.06666666666666
50,93.2
60,83.8
60,110.06666666666666
50,110.53333333333333
60,94.6
60,109.86666666666666
50,110.13333333333334
60,94.86666666666666
60,109.33333333333333
60,110.4
60,124.86666666666666
60,123.0
50,124.13333333333334
60,107.2
60,123.33333333333333
60,123.2
50,123.06666666666666
50,94.2
50,95.0
50,92.46666666666667
50,90.6
50,90.26666666666667
50,83.53333333333333
60,83.46666666666667
50,123.4
60,93.73333333333333
60,123.53333333333333
70,122.8
60,162.26666666666668
70,171.73333333333332
190,198.93333333333334
370,324.73333333333335
100,363.46666666666664
90,409.8666666666667
110,380.73333333333335
80,377.8666666666667
120,322.0
110,371.3333333333333
80,360.26666666666665
560,239.06666666666666
660,531.5333333333333
330,527.2
270,345.06666666666666
290,316.06666666666666
230,319.8
250,279.8
190,286.3333333333333
80,280.06666666666666
70,362.06666666666666
60,221.13333333333333
80,234.13333333333333
80,299.53333333333336
70,263.8
60,167.2
80,219.33333333333334
70,216.86666666666667
80,168.4
80,216.53333333333333
110,219.0
600,305.6666666666667
560,542.0666666666667
320,528.4
260,382.6666666666667
280,326.73333333333335
260,346.46666666666664
240,306.8
210,282.3333333333333
100,263.93333333333334
380,439.1333333333333
620,449.0
310,578.6666666666666
270,396.26666666666665
280,348.46666666666664
240,349.6666666666667
280,275.8666666666667
230,345.8
170,290.46666666666664
170,308.6
620,327.73333333333335
460,569.0666666666667
240,479.06666666666666
250,318.6
270,330.8
250,352.0
220,306.6666666666667
170,271.26666666666665
100,316.6666666666667
200,452.2
350,320.06666666666666
300,481.3333333333333
450,440.0
450,487.93333333333334
290,499.6666666666667
270,385.73333333333335
280,341.2
200,377.1333333333333
120,286.0
120,401.8666666666667
110,398.93333333333334
560,428.8666666666667
450,526.8666666666667
490,470.2
280,462.6666666666667
280,356.8666666666667
310,378.0
280,400.06666666666666
310,328.6666666666667
330,398.06666666666666
190,418.3333333333333
130,268.8666666666667
140,394.6666666666667
150,391.2
140,385.8666666666667
130,374.26666666666665
130,372.1333333333333
100,382.8
120,297.06666666666666
100,359.0
80,260.8666666666667
60,183.53333333333333
60,232.06666666666666
60,223.6
60,230.0
60,215.4
60,211.4
50,177.66666666666666
50,99.86666666666666
50,90.8
60,86.86666666666666
60,69.66666666666667
60,69.26666666666667
70,82.0
60,83.93333333333334
60,87.73333333333333
60,88.73333333333333
60,88.53333333333333
50,72.8
60,115.2
50,70.26666666666667
60,94.53333333333333
60,86.6
70,80.13333333333334
60,95.6
70,79.4
60,111.6
60,83.2
70,83.06666666666666
60,114.53333333333333
60,83.6
50,83.53333333333333
60,112.73333333333333
60,80.53333333333333
60,80.4
70,86.2
60,99.33333333333333
70,80.13333333333334
60,114.2
60,84.33333333333333
50,86.46666666666667
60,116.4
60,81.4
50,82.2
60,94.6
60,84.73333333333333
60,84.33333333333333
70,85.0
60,120.86666666666666
60,92.0
60,99.33333333333333
50,99.6
60,116.66666666666667
50,92.86666666666666
60,99.73333333333333
70,94.06666666666666
50,122.66666666666667
70,100.2
60,128.46666666666667
70,90.66666666666667
70,153.6
60,139.4
100,91.8
50,326.26666666666665
80,114.86666666666666
320,187.93333333333334
350,340.26666666666665
160,321.2
70,369.6666666666667
80,246.73333333333332
70,253.33333333333334
70,242.73333333333332
70,210.6
80,213.53333333333333
80,184.26666666666668
100,184.6
90,344.6
290,268.53333333333336
430,330.4
100,363.26666666666665
100,267.06666666666666
100,261.3333333333333
110,259.53333333333336
110,360.6666666666667
110,344.93333333333334
90,285.53333333333336
90,224.73333333333332
100,227.4
90,232.53333333333333
100,227.93333333333334
110,246.2
110,277.0
130,276.93333333333334
110,431.4
110,281.46666666666664
130,281.53333333333336
110,428.2
130,276.1333333333333
130,425.8
120,428.8666666666667
90,399.06666666666666
100,240.53333333333333
100,249.86666666666667
110,250.8
110,272.46666666666664
100,270.4
90,259.73333333333335
130,265.06666666666666
120,422.6666666666667
140,402.1333333333333
130,416.06666666666666
130,416.6666666666667
130,408.26666666666665
130,409.26666666666665
120,409.93333333333334
110,392.8666666666667
110,362.8666666666667
110,357.0
110,362.53333333333336
110,363.93333333333334
100,361.1333333333333
100,341.93333333333334
90,341.73333333333335
100,273.2
490,349.6
570,471.0
460,470.8
120,407.06666666666666
100,401.26666666666665
110,333.3333333333333
110,410.3333333333333
100,405.53333333333336
100,403.93333333333334
90,342.46666666666664
90,266.46666666666664
90,262.93333333333334
90,262.3333333333333
80,266.2
110,179.93333333333334
90,362.0
80,238.53333333333333
80,187.2
80,180.86666666666667
80,181.0
80,157.46666666666667
80,158.2
70,154.66666666666666
80,105.86666666666666
70,154.0
70,103.33333333333333
90,104.46666666666667
70,154.26666666666668
50,99.53333333333333
50,119.26666666666667
50,119.73333333333333
60,117.2
50,72.33333333333333
40,94.53333333333333
50,63.4
50,70.13333333333334
50,69.6
50,68.0
60,62.733333333333334
50,60.733333333333334
60,86.53333333333333
50,61.0
50,87.66666666666667
50,87.8
50,86.26666666666667
60,88.73333333333333
50,60.666666666666664
50,89.0
60,89.13333333333334
60,60.46666666666667
50,60.666666666666664
60,89.86666666666666
50,65.4
60,92.0
50,66.13333333333334
40,90.13333333333334
60,83.73333333333333
30,64.66666666666667
40,57.06666666666667
30,58.93333333333333
40,62.86666666666667
40,59.86666666666667
50,59.46666666666667
60,65.86666666666666
50,65.33333333333333
60,66.26666666666667
40,64.73333333333333
50,69.26666666666667
60,91.46666666666667
40,71.6
60,69.26666666666667
60,70.8
60,70.46666666666667
60,70.66666666666667
50,69.73333333333333
50,92.46666666666667
60,92.2
40,68.0
60,84.66666666666667
50,66.93333333333334
90,91.0
80,259.2
50,164.4
60,115.2
60,79.73333333333333
220,81.0
190,382.6666666666667
120,340.8
70,386.93333333333334
50,259.1333333333333
150,113.13333333333334
130,386.8
120,394.8666666666667
110,387.06666666666666
80,296.06666666666666
100,164.8
100,259.26666666666665
100,233.93333333333334
70,234.6
80,159.53333333333333
80,165.4
200,159.4
110,385.8666666666667
110,363.26666666666665
100,268.26666666666665
100,230.26666666666668
110,242.13333333333333
100,307.8
110,238.4
110,275.26666666666665
90,267.6666666666667
100,235.66666666666666
90,237.66666666666666
110,235.13333333333333
100,268.73333333333335
90,244.86666666666667
110,230.93333333333334
110,263.6
100,255.13333333333333
260,230.0
160,331.1333333333333
80,329.6
80,179.4
90,177.4
90,233.06666666666666
70,321.8666666666667
100,159.53333333333333
100,247.86666666666667
100,247.53333333333333
80,240.26666666666668
90,171.73333333333332
100,239.13333333333333
90,243.66666666666666
100,239.8
100,244.2
110,240.6
130,257.93333333333334
110,409.93333333333334
110,260.6666666666667
300,259.53333333333336
360,347.4
140,348.46666666666664
100,397.3333333333333
200,257.73333333333335
330,313.1333333333333
290,334.0
120,288.6666666666667
80,438.46666666666664
80,240.26666666666668
100,296.0
110,318.53333333333336
100,344.93333333333334
110,220.46666666666667
100,279.1333333333333
100,227.06666666666666
80,225.4
100,194.73333333333332
90,230.66666666666666
100,233.93333333333334
90,226.53333333333333
170,232.53333333333333
500,343.3333333333333
330,430.3333333333333
290,291.93333333333334
260,281.1333333333333
230,275.06666666666666
240,278.53333333333336
240,250.33333333333334
150,245.4
100,424.53333333333336
90,381.8
90,377.4
90,272.3333333333333
80,253.53333333333333
100,119.33333333333333
70,169.4
80,123.0
80,109.2
80,114.53333333333333
80,111.8
90,111.86666666666666
90,150.46666666666667
80,227.53333333333333
70,165.93333333333334
50,189.0
60,114.66666666666667
60,94.26666666666667
50,93.4
50,115.8
60,95.06666666666666
50,67.0
50,80.86666666666666
50,78.46666666666667
60,80.26666666666667
50,64.93333333333334
70,78.2
50,89.8
60,84.0
60,63.733333333333334
50,65.86666666666666
70,86.06666666666666
50,101.2
50,85.86666666666666
50,84.33333333333333
50,80.8
50,82.4
50,91.6
50,71.86666666666666
60,71.93333333333334
50,64.93333333333334
60,82.93333333333334
60,65.06666666666666
50,66.2
60,85.73333333333333
50,67.0
50,85.86666666666666
50,82.73333333333333
50,80.86666666666666
50,83.73333333333333
50,81.33333333333333
50,72.6
60,72.66666666666667
50,63.6
60,85.73333333333333
60,76.26666666666667
60,71.8
50,70.6
50,90.2
90,88.46666666666667
60,242.33333333333334
40,81.8
50,93.13333333333334
60,94.6
50,71.86666666666666
160,109.26666666666667
170,316.8666666666667
80,298.73333333333335
60,162.4
50,103.93333333333334
50,109.86666666666666
80,118.66666666666667
100,139.93333333333334
320,204.26666666666668
160,320.8666666666667
100,260.8666666666667
100,203.2
110,213.73333333333332
100,272.1333333333333
100,288.4
100,246.6
90,218.8
110,224.93333333333334
110,273.46666666666664
110,271.26666666666665
290,263.8
450,332.2
160,367.26666666666665
100,269.2
120,198.66666666666666
120,370.0
120,354.0
330,357.73333333333335
350,338.2
360,317.06666666666666
340,339.46666666666664
100,304.2
80,245.33333333333334
90,301.73333333333335
80,357.53333333333336
80,315.1333333333333
100,270.4
100,223.06666666666666
100,218.73333333333332
80,215.93333333333334
210,197.26666666666668
90,348.26666666666665
100,228.53333333333333
90,215.6
90,229.53333333333333
90,212.0
90,217.06666666666666
90,219.4
80,219.2
90,198.73333333333332
90,227.73333333333332
120,224.33333333333334
110,375.8666666666667
110,237.6
630,244.6
400,535.2666666666667
350,369.93333333333334
120,343.6666666666667
100,376.3333333333333
110,232.73333333333332
100,327.6666666666667
150,312.53333333333336
100,391.2
120,203.66666666666666
120,364.8666666666667
110,366.73333333333335
120,246.66666666666666
120,380.8
110,377.0
100,252.4
130,201.26666666666668
80,426.73333333333335
80,151.6
80,148.13333333333333
80,125.0
80,123.6
70,122.06666666666666
60,107.6
60,72.73333333333333
60,75.73333333333333
50,72.33333333333333
50,102.6
40,92.46666666666667
60,68.86666666666666
40,63.86666666666667
40,62.266666666666666
50,52.2
60,61.2
70,65.4
60,82.13333333333334
70,63.46666666666667
50,84.0
40,102.0
50,80.66666666666667
50,86.33333333333333
50,76.46666666666667
50,83.13333333333334
60,58.06666666666667
50,65.06666666666666
60,78.6
50,64.86666666666666
60,79.73333333333333
50,64.4
60,79.46666666666667
50,65.06666666666666
40,78.2
60,72.46666666666667
40,64.46666666666667
70,60.6
50,73.93333333333334
60,78.93333333333334
60,64.4
50,63.8
60,81.2
40,70.0
50,73.66666666666667
50,78.06666666666666
50,79.26666666666667
50,68.4
60,64.73333333333333
50,69.86666666666666
60,80.8
70,79.8
80,91.26666666666667
50,128.26666666666668
50,108.4
50,110.0
50,111.0
60,104.86666666666666
40,74.4
50,64.06666666666666
40,67.0
80,57.53333333333333
70,128.06666666666666
60,100.6
70,65.73333333333333
110,119.66666666666667
50,136.66666666666666
50,114.73333333333333
50,115.13333333333334
50,107.13333333333334
70,114.13333333333334
50,133.06666666666666
60,76.8
60,89.46666666666667
50,91.2
50,80.0
50,85.6
50,75.53333333333333
50,73.66666666666667
50,75.4
60,63.266666666666666
50,103.86666666666666
50,75.13333333333334
60,74.46666666666667
50,65.73333333333333
60,75.53333333333333
50,67.8
60,74.53333333333333
40,67.4
60,67.66666666666667
40,67.06666666666666
60,67.93333333333334
50,68.0
60,74.0
50,67.8
50,73.66666666666667
60,76.8
50,68.0
50,76.26666666666667
40,73.53333333333333
50,59.06666666666667
50,67.06666666666666
40,64.86666666666666
30,52.53333333333333
40,41.4
40,52.0
60,51.733333333333334
60,68.6
50,68.6
60,62.266666666666666
50,68.33333333333333
50,76.66666666666667
40,75.26666666666667
50,68.33333333333333
60,65.53333333333333
60,69.33333333333333
50,69.13333333333334
60,79.2
60,71.4
50,73.13333333333334
80,77.8
70,152.73333333333332
80,96.13333333333334
80,152.0
80,152.66666666666666
90,156.53333333333333
100,176.46666666666667
190,165.4
380,361.73333333333335
100,358.53333333333336
90,197.0
110,225.4
90,224.53333333333333
110,289.6666666666667
100,324.3333333333333
90,174.26666666666668
140,190.33333333333334
140,364.53333333333336
130,352.26666666666665
120,356.0
120,315.8666666666667
130,315.6
140,358.0
110,359.06666666666666
110,224.46666666666667
110,225.86666666666667
110,221.4
90,201.26666666666668
60,151.93333333333334
80,86.86666666666666
50,162.73333333333332
60,100.2
50,79.73333333333333
60,102.6
80,69.33333333333333
50,133.2
40,91.6
20,77.4
30,47.733333333333334
30,50.4
60,52.2
60,70.73333333333333
60,66.26666666666667
60,93.26666666666667
60,66.66666666666667
50,59.8
60,89.53333333333333
50,63.53333333333333
50,81.93333333333334
50,78.6
50,75.8
50,77.2
40,75.2
60,57.4
50,62.0
60,67.73333333333333
60,60.733333333333334
60,61.0
50,60.666666666666664
60,83.2
50,62.53333333333333
50,83.46666666666667
60,81.33333333333333
40,64.13333333333334
60,74.93333333333334
40,65.46666666666667
60,64.26666666666667
60,64.66666666666667
50,64.93333333333334
60,82.0
50,64.2
60,82.0
50,63.06666666666667
50,81.53333333333333
40,82.2
80,72.53333333333333
70,150.0
60,94.66666666666667
50,68.6
70,82.0
60,124.73333333333333
60,89.33333333333333
130,89.26666666666667
60,217.13333333333333
70,96.2
50,133.2
50,107.2
50,106.13333333333334
50,117.26666666666667
50,82.6
50,89.73333333333333
60,70.33333333333333
60,67.86666666666666
50,72.46666666666667
70,82.26666666666667
70,98.33333333333333
80,100.46666666666667
50,171.26666666666668
50,98.73333333333333
50,96.46666666666667
40,106.8
90,81.93333333333334
60,233.73333333333332
80,70.26666666666667
70,180.0
60,88.0
40,77.86666666666666
60,92.2
50,76.73333333333333
50,101.4
90,89.13333333333334
100,227.4
80,182.93333333333334
60,167.6
70,90.86666666666666
50,81.13333333333334
60,102.93333333333334
50,85.53333333333333
50,101.8
50,79.86666666666666
40,85.26666666666667
80,55.333333333333336
70,138.66666666666666
90,78.13333333333334
80,207.53333333333333
90,148.4
80,208.86666666666667
90,146.13333333333333
90,208.8
90,203.13333333333333
80,205.13333333333333
80,139.46666666666667
80,146.4
80,149.66666666666666
80,151.2
90,151.46666666666667
90,206.26666666666668
90,225.93333333333334
80,203.4
80,161.8
70,152.13333333333333
70,110.13333333333334
50,92.93333333333334
70,97.8
140,84.93333333333334
240,344.8666666666667
60,373.1333333333333
70,93.73333333333333
90,123.2
100,214.33333333333334
110,198.26666666666668
100,315.0
240,183.0
130,386.2
150,329.6666666666667
120,340.4
210,320.0
330,271.3333333333333
130,292.6666666666667
130,354.1333333333333
150,351.1333333333333
140,349.6666666666667
160,345.8
140,301.93333333333334
140,361.26666666666665
160,376.3333333333333
140,311.93333333333334
130,358.06666666666666
290,371.0
460,309.4
160,339.6666666666667
100,287.26666666666665
110,186.93333333333334
90,254.0
70,285.93333333333334
60,143.0
60,110.6
50,66.2
60,72.26666666666667
50,66.86666666666666
60,72.53333333333333
40,65.0
50,62.0
50,69.33333333333333
50,67.73333333333333
60,70.53333333333333
50,66.53333333333333
70,69.86666666666666
60,66.13333333333334
60,74.73333333333333
50,70.4
60,71.06666666666666
40,71.2
50,66.46666666666667
50,67.26666666666667
40,71.33333333333333
50,57.666666666666664
50,62.266666666666666
60,63.733333333333334
50,62.8
60,63.93333333333333
50,63.733333333333334
50,70.73333333333333
50,70.6
50,69.86666666666666
60,71.4
40,65.73333333333333
50,58.4
40,64.46666666666667
60,56.06666666666667
40,66.06666666666666
60,55.86666666666667
60,65.93333333333334
60,64.53333333333333
60,64.53333333333333
50,64.4
60,76.0
50,64.46666666666667
60,74.2
50,64.2
80,71.6
40,139.93333333333334
50,70.13333333333334
50,74.4
60,71.86666666666666
60,66.06666666666666
60,66.46666666666667
70,64.86666666666666
60,105.6
50,65.53333333333333
50,86.4
50,69.13333333333334
40,64.2
60,65.8
40,59.0
60,53.53333333333333
50,61.13333333333333
60,65.8
50,70.2
60,71.13333333333334
50,66.86666666666666
50,72.06666666666666
50,73.86666666666666
50,70.06666666666666
40,73.33333333333333
20,53.733333333333334
40,43.6
30,52.8
40,53.266666666666666
60,53.0
50,63.333333333333336
60,59.8
50,61.8
50,59.46666666666667
60,79.46666666666667
40,62.06666666666667
50,70.4
50,78.13333333333334
50,66.73333333333333
60,66.86666666666666
60,61.2
60,61.6
50,63.266666666666666
70,83.26666666666667
50,80.06666666666666
60,89.46666666666667
40,66.13333333333334
50,72.73333333333333
40,80.66666666666667
50,77.86666666666666
50,62.13333333333333
50,61.0
60,62.733333333333334
50,60.06666666666667
60,68.4
50,59.53333333333333
60,79.93333333333334
80,63.666666666666664
80,178.8
80,180.86666666666667
80,173.73333333333332
80,173.0
80,172.0
90,172.46666666666667
80,222.6
100,177.6
90,195.33333333333334
90,218.4
80,218.13333333333333
100,185.66666666666666
80,195.13333333333333
70,195.06666666666666
90,118.4
70,219.8
100,109.6
400,213.26666666666668
520,352.06666666666666
160,492.8666666666667
100,264.6
210,262.06666666666666
110,228.26666666666668
70,379.2
70,113.13333333333334
70,111.13333333333334
100,117.0
110,301.6
100,226.4
110,206.93333333333334
100,226.53333333333333
170,195.13333333333333
110,285.46666666666664
130,230.73333333333332
120,376.0
90,341.1333333333333
90,200.06666666666666
70,200.4
80,100.73333333333333
70,163.06666666666666
60,97.73333333333333
60,71.73333333333333
60,73.0
50,68.53333333333333
50,98.8
50,95.8
50,71.0
50,69.06666666666666
50,69.06666666666666
60,63.6
50,59.0
60,79.53333333333333
60,58.86666666666667
50,59.4
60,82.73333333333333
40,61.4
50,74.4
50,78.2
60,78.46666666666667
40,61.2
70,65.26666666666667
50,76.86666666666666
50,81.33333333333333
60,81.66666666666667
50,60.266666666666666
60,81.26666666666667
40,59.0
50,74.33333333333333
40,81.53333333333333
30,64.2
20,39.8
30,43.53333333333333
50,52.2
70,62.333333333333336
60,75.73333333333333
50,65.2
60,64.06666666666666
60,64.6
50,66.2
50,97.13333333333334
50,79.4
50,81.46666666666667
50,77.4
50,77.26666666666667
60,70.0
80,63.46666666666667
80,180.13333333333333
50,182.6
60,102.4
60,86.06666666666666
40,86.2
60,96.13333333333334
50,64.26666666666667
50,83.73333333333333
60,79.73333333333333
90,70.2
90,284.0
80,244.2
90,188.53333333333333
80,259.8
70,197.33333333333334
80,179.26666666666668
80,205.06666666666666
110,187.66666666666666
130,248.8
170,419.53333333333336
130,352.06666666666666
130,409.06666666666666
90,418.1333333333333
70,212.66666666666666
60,146.8
90,148.13333333333333
80,211.33333333333334
80,182.73333333333332
60,183.26666666666668
100,90.0
80,219.0
70,181.53333333333333
90,109.93333333333334
70,231.4
80,109.46666666666667
70,181.53333333333333
80,109.86666666666666
60,181.73333333333332
60,89.4
120,88.86666666666666
50,349.53333333333336
70,111.26666666666667
60,123.66666666666667
90,89.06666666666666
70,225.46666666666667
70,132.13333333333333
70,129.46666666666667
70,118.8
60,115.66666666666667
70,87.33333333333333
60,101.4
50,83.4
60,117.4
60,78.33333333333333
70,80.06666666666666
60,113.73333333333333
60,80.66666666666667
50,82.2
60,107.13333333333334
50,82.8
40,103.46666666666667
50,81.33333333333333
50,87.73333333333333
50,80.26666666666667
40,76.6
30,65.13333333333334
40,49.86666666666667
30,64.73333333333333
60,53.333333333333336
60,69.86666666666666
70,70.66666666666667
90,87.13333333333334
60,267.46666666666664
80,86.0
70,184.06666666666666
80,91.53333333333333
70,186.86666666666667
90,103.2
80,239.33333333333334
80,192.4
70,192.73333333333332
70,99.13333333333334
80,100.06666666666666
70,191.8
60,95.2
60,82.13333333333334
70,79.33333333333333
60,93.8
70,78.8
70,95.13333333333334
70,95.2
70,95.73333333333333
70,101.53333333333333
80,97.53333333333333
60,186.93333333333334
70,74.2
60,95.46666666666667
80,71.4
70,152.33333333333334
50,91.53333333333333
60,102.46666666666667
40,67.73333333333333
60,97.13333333333334
50,65.86666666666666
60,84.86666666666666
60,62.0
50,62.13333333333333
50,79.2
50,87.0
50,86.86666666666666
50,84.86666666666666
40,85.33333333333333
30,61.733333333333334
40,43.6
40,63.6
40,63.6
60,63.2
60,60.46666666666667
50,60.13333333333333
60,69.46666666666667
50,58.666666666666664
50,88.73333333333333
50,88.53333333333333
50,86.46666666666667
50,88.93333333333334
60,86.26666666666667
50,59.86666666666667
60,88.26666666666667
50,59.266666666666666
60,88.06666666666666
60,61.666666666666664
40,61.666666666666664
50,81.73333333333333
50,86.33333333333333
40,88.93333333333334
60,74.2
50,65.66666666666667
60,70.93333333333334
60,64.46666666666667
60,64.26666666666667
50,63.8
60,90.26666666666667
50,63.4
70,91.26666666666667
40,131.13333333333333
50,85.13333333333334
50,90.2
50,86.93333333333334
50,90.8
50,99.4
60,72.0
60,77.86666666666666
50,77.53333333333333
60,91.93333333333334
80,76.0
80,210.66666666666666
50,224.4
50,117.0
60,117.33333333333333
50,120.0
50,127.0
80,111.53333333333333
330,190.86666666666667
280,318.6
130,319.06666666666666
330,368.3333333333333
100,259.1333333333333
100,268.8666666666667
80,342.46666666666664
90,307.3333333333333
390,230.4
790,311.4
410,477.06666666666666
270,338.6
340,302.3333333333333
270,320.6
340,274.73333333333335
610,306.1333333333333
470,557.6666666666666
110,451.93333333333334
590,432.8
720,488.8
600,494.93333333333334
260,574.0
310,284.6666666666667
270,329.8
250,298.3333333333333
270,294.4
230,286.46666666666664
200,272.6666666666667
150,245.26666666666668
80,380.93333333333334
550,366.53333333333336
620,541.4
250,564.5333333333333
300,298.46666666666664
260,314.0
220,291.73333333333335
270,238.2
220,277.06666666666666
110,252.4
480,445.3333333333333
520,461.1333333333333
380,519.4
550,354.26666666666665
540,519.5333333333333
340,512.8666666666667
220,321.06666666666666
140,249.33333333333334
110,399.3333333333333
90,439.8
110,406.93333333333334
100,385.6666666666667
90,353.6666666666667
100,268.8666666666667
120,261.6666666666667
110,354.26666666666665
90,295.1333333333333
80,256.1333333333333
90,206.26666666666668
80,263.06666666666666
150,207.13333333333333
130,401.6666666666667
120,383.8
120,352.1333333333333
120,350.3333333333333
110,352.6666666666667
110,319.06666666666666
110,300.2
110,294.73333333333335
110,295.4
110,293.26666666666665
100,289.8
110,261.1333333333333
100,281.06666666666666
100,261.2
100,264.4
70,266.26666666666665
90,149.13333333333333
100,207.0
110,240.66666666666666
340,274.4
90,355.2
90,218.06666666666666
80,217.46666666666667
90,170.33333333333334
60,213.2
80,223.86666666666667
70,160.33333333333334
70,152.06666666666666
70,148.73333333333332
70,154.26666666666668
160,154.33333333333334
410,355.73333333333335
140,351.46666666666664
60,391.06666666666666
50,213.26666666666668
60,158.46666666666667
60,194.8
60,206.4
60,183.6
60,120.8
60,122.0
50,143.13333333333333
60,110.66666666666667
60,121.13333333333334
50,121.26666666666667
60,97.4
60,109.4
50,109.66666666666667
50,95.46666666666667
50,93.86666666666666
50,93.2
50,92.13333333333334
60,92.2
50,114.4
50,93.93333333333334
60,94.06666666666666
50,113.8
60,98.06666666666666
50,112.46666666666667
60,99.13333333333334
50,112.93333333333334
60,97.86666666666666
50,113.33333333333333
60,98.06666666666666
50,115.06666666666666
60,97.86666666666666
50,137.0
50,97.93333333333334
40,97.46666666666667
50,86.53333333333333
50,86.4
50,85.06666666666666
50,83.06666666666666
60,83.26666666666667
70,145.8
60,160.66666666666666
60,146.33333333333334
60,190.93333333333334
60,208.53333333333333
60,215.53333333333333
70,221.6
70,212.46666666666667
60,215.73333333333332
60,221.2
50,220.8
60,145.86666666666667
220,223.13333333333333
490,372.8666666666667
260,422.73333333333335
120,321.06666666666666
120,372.0
100,374.6
130,442.8
100,396.06666666666666
110,423.6
80,365.73333333333335
90,265.2
80,352.73333333333335
150,271.2
490,390.93333333333334
320,415.0
360,365.46666666666664
470,367.3333333333333
410,418.46666666666664
290,383.93333333333334
280,329.4
250,324.2
190,317.26666666666665
130,305.06666666666666
110,404.26666666666665
110,444.06666666666666
120,436.73333333333335
100,379.2
100,404.3333333333333
100,372.53333333333336
110,364.4
110,364.2
100,365.1333333333333
100,355.53333333333336
110,359.8
110,354.0
110,354.0
110,354.0
100,353.93333333333334
100,363.73333333333335
90,364.8
100,332.8666666666667
100,367.73333333333335
110,371.8666666666667
90,367.06666666666666
90,340.06666666666666
90,343.1333333333333
80,375.6666666666667
100,309.46666666666664
90,421.26666666666665
90,356.53333333333336
80,349.1333333333333
210,256.06666666666666
440,335.93333333333334
340,358.53333333333336
240,314.8666666666667
200,302.2
160,296.6666666666667
130,326.0
110,403.0
120,444.8
110,383.6
120,415.1333333333333
130,381.3333333333333
110,393.46666666666664
110,385.3333333333333
110,387.6666666666667
90,382.8
80,375.4
80,257.06666666666666
90,252.53333333333333
120,373.8
120,364.46666666666664
130,370.2
120,379.06666666666666
120,367.46666666666664
90,349.93333333333334
100,305.0
100,367.0
90,367.26666666666665
80,302.3333333333333
70,208.26666666666668
80,160.53333333333333
60,188.73333333333332
80,111.93333333333334
100,191.33333333333334
80,360.26666666666665
70,200.33333333333334
60,156.4
60,195.86666666666667
60,201.8
60,201.66666666666666
60,201.13333333333333
60,216.06666666666666
60,145.73333333333332
60,147.53333333333333
60,147.53333333333333
60,147.6
60,147.93333333333334
50,147.93333333333334
50,106.2
50,93.73333333333333
50,91.86666666666666
50,89.8
50,89.53333333333333
60,81.73333333333333
50,113.13333333333334
60,91.4
60,112.8
60,112.93333333333334
60,112.66666666666667
60,122.93333333333334
50,124.4
60,108.46666666666667
50,122.6
50,93.53333333333333
50,91.46666666666667
50,89.53333333333333
50,91.2
50,89.53333333333333
40,81.26666666666667
50,70.4
50,81.33333333333333
60,81.6
90,122.4
60,379.6
70,132.66666666666666
70,187.06666666666666
50,179.4
60,107.93333333333334
60,108.86666666666666
60,99.53333333333333
50,99.46666666666667
80,104.86666666666666
50,254.46666666666667
60,105.13333333333334
60,104.73333333333333
50,104.86666666666666
70,101.73333333333333
50,187.26666666666668
60,96.73333333333333
50,98.46666666666667
50,94.33333333333333
50,94.46666666666667
50,103.4
50,94.53333333333333
60,90.93333333333334
50,98.93333333333334
60,93.26666666666667
50,94.26666666666667
60,90.86666666666666
50,93.93333333333334
60,88.8
50,94.26666666666667
50,89.33333333333333
50,90.86666666666666
40,89.13333333333334
60,78.6
50,89.6
60,80.4
50,94.53333333333333
60,91.4
50,95.73333333333333
60,90.93333333333334
60,93.4
60,91.4
40,93.0
50,85.06666666666666
60,91.93333333333334
60,91.6
80,87.46666666666667
80,195.86666666666667
50,205.73333333333332
60,106.6
60,91.26666666666667
50,91.46666666666667
60,114.8
60,85.6
60,76.73333333333333
50,80.46666666666667
60,88.8
40,78.8
70,77.4
70,95.26666666666667
70,95.06666666666666
70,99.0
80,97.6
60,198.4
90,91.13333333333334
70,243.46666666666667
70,95.8
60,94.66666666666667
70,90.93333333333334
100,95.46666666666667
290,239.13333333333333
350,387.8
270,399.0
230,318.6666666666667
240,304.06666666666666
590,285.73333333333335
490,553.6
460,472.6666666666667
160,407.93333333333334
120,273.53333333333336
110,342.3333333333333
120,381.4
120,353.93333333333334
110,347.46666666666664
170,314.8
110,326.6666666666667
110,278.73333333333335
110,279.73333333333335
110,280.8
110,274.4
110,296.6666666666667
110,272.3333333333333
100,274.73333333333335
110,225.86666666666667
100,268.53333333333336
100,225.0
80,197.53333333333333
70,137.4
70,149.0
60,142.66666666666666
70,77.93333333333334
60,110.33333333333333
60,72.0
70,72.46666666666667
70,93.53333333333333
70,103.0
60,104.0
50,70.73333333333333
70,105.0
50,108.73333333333333
60,113.6
60,91.93333333333334
50,90.86666666666666
60,99.13333333333334
60,117.8
50,100.93333333333334
40,94.0
50,78.26666666666667
50,83.66666666666667
50,80.33333333333333
50,68.93333333333334
60,63.93333333333333
60,65.0
60,65.2
60,64.73333333333333
50,64.73333333333333
60,88.93333333333334
50,69.26666666666667
60,84.8
50,65.4
60,82.86666666666666
50,65.13333333333334
50,83.26666666666667
50,84.13333333333334
50,81.13333333333334
50,83.86666666666666
60,81.46666666666667
60,64.33333333333333
50,65.33333333333333
50,83.53333333333333
50,83.8
60,84.06666666666666
60,64.73333333333333
50,64.53333333333333
90,84.33333333333333
50,288.8666666666667
40,104.33333333333333
60,82.6
340,70.66666666666667
60,328.8666666666667
70,123.66666666666667
70,205.86666666666667
70,205.93333333333334
70,200.66666666666666
80,185.33333333333334
70,173.2
90,152.93333333333334
70,238.53333333333333
80,165.46666666666667
120,188.0
400,381.73333333333335
210,311.3333333333333
60,269.73333333333335
60,118.2
60,119.8
50,135.13333333333333
60,116.93333333333334
50,165.2
30,86.0
30,50.733333333333334
30,46.4
30,49.06666666666667
60,50.86666666666667
50,70.73333333333333
60,62.93333333333333
60,71.06666666666666
60,68.2
60,66.33333333333333
70,68.2
90,109.93333333333334
90,234.6
100,233.26666666666668
110,211.33333333333334
100,256.53333333333336
110,218.8
100,253.8
170,212.26666666666668
180,302.1333333333333
110,312.26666666666665
100,263.6666666666667
110,219.6
100,252.93333333333334
110,256.26666666666665
100,284.53333333333336
110,208.53333333333333
110,251.26666666666668
140,252.0
140,398.0
150,389.6666666666667
150,382.53333333333336
150,391.1333333333333
150,389.1333333333333
150,387.93333333333334
150,386.53333333333336
160,380.4
140,310.4
140,388.6666666666667
140,397.6
140,397.53333333333336
130,397.6
140,395.26666666666665
140,402.93333333333334
140,402.8666666666667
150,402.6
140,399.6
140,398.73333333333335
150,398.73333333333335
150,398.06666666666666
150,398.3333333333333
130,396.8666666666667
160,396.6666666666667
480,306.06666666666666
260,409.4
100,359.4
110,235.46666666666667
110,258.93333333333334
120,297.73333333333335
120,328.06666666666666
110,328.6
160,254.66666666666666
110,300.73333333333335
110,249.4
120,251.0
130,335.46666666666664
120,390.3333333333333
100,346.6
90,207.26666666666668
110,212.6
80,248.73333333333332
80,180.66666666666666
80,151.73333333333332
90,152.6
80,161.8
70,156.8
60,131.33333333333334
80,79.33333333333333
60,134.93333333333334
70,74.33333333333333
60,94.33333333333333
60,70.6
70,71.86666666666666
50,92.53333333333333
70,102.2
50,91.93333333333334
60,94.46666666666667
60,69.6
50,69.26666666666667
60,75.93333333333334
60,64.8
50,60.46666666666667
60,72.66666666666667
50,60.46666666666667
50,73.66666666666667
50,69.86666666666666
50,67.33333333333333
50,82.06666666666666
50,79.06666666666666
50,64.73333333333333
70,71.26666666666667
50,83.93333333333334
60,82.93333333333334
50,68.8
50,87.26666666666667
60,87.0
60,67.4
60,68.26666666666667
40,67.33333333333333
50,75.33333333333333
50,84.06666666666666
50,83.53333333333333
50,84.4
50,71.33333333333333
50,64.66666666666667
60,73.66666666666667
60,71.86666666666666
50,71.93333333333334
50,89.53333333333333
60,90.0
60,85.46666666666667
80,84.6
50,153.73333333333332
50,103.46666666666667
50,102.93333333333334
40,98.8
30,80.93333333333334
50,41.666666666666664
50,63.4
50,63.13333333333333
80,62.93333333333333
70,132.13333333333333
70,109.73333333333333
90,140.0
50,222.06666666666666
60,98.86666666666666
60,94.06666666666666
60,94.0
70,92.93333333333334
110,139.93333333333334
60,163.2
110,93.2
70,217.26666666666668
80,182.46666666666667
100,138.73333333333332
110,181.93333333333334
70,242.53333333333333
90,190.46666666666667
80,192.66666666666666
90,140.26666666666668
50,205.46666666666667
100,94.86666666666666
70,182.86666666666667
120,131.53333333333333
80,332.26666666666665
50,131.06666666666666
60,85.86666666666666
50,87.8
50,88.06666666666666
50,93.6
50,70.53333333333333
40,65.46666666666667
60,56.0
60,74.86666666666666
60,74.33333333333333
50,74.0
60,65.4
70,70.06666666666666
50,97.66666666666667
70,72.33333333333333
80,92.26666666666667
70,158.2
90,97.26666666666667
70,163.86666666666667
80,94.6
80,155.06666666666666
80,152.93333333333334
80,151.53333333333333
70,157.93333333333334
90,95.8
80,184.2
90,150.53333333333333
70,186.73333333333332
80,101.06666666666666
80,154.13333333333333
80,157.93333333333334
90,155.0
420,197.93333333333334
240,371.93333333333334
270,312.0
190,341.8
180,224.6
70,204.53333333333333
80,116.8
120,329.6666666666667
190,380.8666666666667
160,261.8
90,272.1333333333333
100,202.86666666666667
170,203.4
310,246.13333333333333
120,360.06666666666666
120,355.8
120,355.0
120,351.73333333333335
120,352.0
130,365.8
110,382.1333333333333
120,251.53333333333333
110,348.0
110,249.46666666666667
240,247.6
440,331.06666666666666
160,319.0
80,238.2
110,235.6
70,254.06666666666666
70,91.0
50,89.86666666666666
50,86.13333333333334
60,79.8
40,86.73333333333333
50,59.733333333333334
50,67.2
60,63.266666666666666
50,64.06666666666666
60,63.13333333333333
50,64.6
60,63.53333333333333
50,65.06666666666666
60,61.6
50,63.06666666666667
50,60.93333333333333
50,62.53333333333333
50,59.733333333333334
50,63.666666666666664
50,60.2
60,60.93333333333333
50,66.93333333333334
60,63.53333333333333
60,66.06666666666666
60,66.86666666666666
50,69.13333333333334
50,61.06666666666667
60,63.93333333333333
50,68.26666666666667
50,61.6
40,60.8
50,56.4
50,61.733333333333334
60,58.266666666666666
50,69.6
60,63.06666666666667
50,69.4
60,67.0
50,70.4
60,64.33333333333333
60,70.06666666666666
50,69.53333333333333
50,67.8
50,64.66666666666667
50,67.6
50,64.26666666666667
50,64.53333333333333
60,63.8
50,79.6
60,67.8
50,84.66666666666667
60,70.0
60,84.33333333333333
60,84.8
70,84.93333333333334
100,128.0
40,234.4
50,67.0
50,85.73333333333333
80,78.4
50,208.6
180,82.13333333333334
90,293.26666666666665
70,271.1333333333333
130,184.86666666666667
360,403.46666666666664
160,286.53333333333336
90,278.4
90,250.2
110,249.13333333333333
130,250.0
100,384.3333333333333
110,263.93333333333334
90,263.73333333333335
80,218.66666666666666
460,191.26666666666668
820,371.46666666666664
350,513.7333333333333
300,350.93333333333334
260,331.6
290,302.8666666666667
220,291.2
170,214.53333333333333
90,211.73333333333332
80,460.1333333333333
80,349.06666666666666
100,313.06666666666666
600,315.0
510,549.0
280,515.6
250,291.6666666666667
260,289.06666666666666
250,283.93333333333334
180,307.53333333333336
110,220.13333333333333
80,402.6666666666667
70,345.4
80,168.8
70,285.1333333333333
80,164.13333333333333
70,187.06666666666666
80,146.6
70,185.0
70,146.53333333333333
70,146.66666666666666
60,146.46666666666667
60,221.4
60,220.4
60,217.53333333333333
60,217.0
50,213.93333333333334
70,107.33333333333333
70,137.26666666666668
130,146.86666666666667
390,386.6666666666667
420,375.0
710,329.46666666666664
850,564.6666666666666
470,544.2666666666667
360,442.6
620,325.93333333333334
600,594.2
520,595.5333333333333
290,597.2666666666667
250,344.06666666666666
190,307.93333333333334
120,248.86666666666667
100,380.93333333333334
320,406.3333333333333
270,425.3333333333333
290,356.0
270,355.46666666666664
260,355.8666666666667
310,338.1333333333333
250,374.26666666666665
130,321.6666666666667
120,395.8
100,396.26666666666665
90,389.26666666666665
100,377.8
80,357.8
90,200.13333333333333
90,241.2
100,195.86666666666667
80,232.4
60,172.66666666666666
80,218.53333333333333
60,163.0
80,218.2
70,148.46666666666667
80,140.93333333333334
70,146.73333333333332
70,141.93333333333334
60,141.46666666666667
70,217.86666666666667
60,142.0
70,217.73333333333332
60,140.26666666666668
70,215.86666666666667
70,134.0
60,132.06666666666666
60,154.33333333333334
70,160.73333333333332
50,117.46666666666667
60,152.4
60,158.0
60,143.13333333333333
60,143.0
60,149.2
50,119.46666666666667
60,109.53333333333333
60,118.8
60,118.6
40,118.73333333333333
60,85.06666666666666
40,109.13333333333334
60,103.26666666666667
50,109.4
50,108.86666666666666
60,85.73333333333333
60,109.2
60,109.46666666666667
60,106.26666666666667
50,106.26666666666667
60,100.6
60,117.4
60,117.33333333333333
60,117.33333333333333
50,117.2
60,100.13333333333334
60,120.06666666666666
60,131.66666666666666
60,131.66666666666666
60,133.4
60,132.8
50,156.73333333333332
60,110.0
50,138.13333333333333
110,98.06666666666666
70,287.06666666666666
50,183.06666666666666
50,139.53333333333333
50,134.2
50,111.93333333333334
60,118.66666666666667
60,80.2
190,79.53333333333333
130,338.8666666666667
180,394.53333333333336
360,301.6666666666667
100,328.1333333333333
70,213.73333333333332
80,204.06666666666666
80,235.6
90,266.4
90,319.46666666666664
60,258.46666666666664
70,206.73333333333332
50,166.6
580,160.2
660,548.1333333333333
300,544.7333333333333
260,321.3333333333333
290,292.93333333333334
240,318.1333333333333
240,261.73333333333335
180,263.6666666666667
190,268.73333333333335
70,276.93333333333334
400,176.93333333333334
620,472.8
330,568.8
250,406.06666666666666
260,352.06666666666666
240,336.1333333333333
230,263.6
220,263.6666666666667
90,246.86666666666667
70,405.06666666666666
370,170.66666666666666
280,403.73333333333335
240,324.93333333333334
250,293.8
220,333.93333333333334
230,269.1333333333333
190,267.93333333333334
160,276.4
80,314.46666666666664
60,348.53333333333336
60,234.53333333333333
60,234.6
60,233.86666666666667
70,238.26666666666668
80,144.73333333333332
80,200.53333333333333
70,200.66666666666666
100,145.2
100,254.86666666666667
90,264.73333333333335
100,261.2
220,268.8
180,337.2
120,326.46666666666664
110,364.6666666666667
90,300.6
100,259.1333333333333
90,365.46666666666664
270,307.6666666666667
420,376.73333333333335
430,381.53333333333336
